Chr,Start,End,Ref,Alt,Func.refGene,Gene.refGene,GeneDetail.refGene,ExonicFunc.refGene,AAChange.refGene,REVEL,OMIM,GT,BA1,variant,Inheritance,LOF,intronic,HPO_phenotypes,cytoBand,genomicSuperDups,ExAC_ALL,ExAC_AFR,ExAC_AMR,ExAC_EAS,ExAC_FIN,ExAC_NFE,ExAC_OTH,ExAC_SAS,gnomad40_exome_AF,gnomad40_exome_AF_raw,gnomad40_exome_AF_XX,gnomad40_exome_AF_XY,gnomad40_exome_AF_grpmax,gnomad40_exome_faf95,gnomad40_exome_faf99,gnomad40_exome_fafmax_faf95_max,gnomad40_exome_fafmax_faf99_max,gnomad40_exome_AF_afr,gnomad40_exome_AF_amr,gnomad40_exome_AF_asj,gnomad40_exome_AF_eas,gnomad40_exome_AF_fin,gnomad40_exome_AF_mid,gnomad40_exome_AF_nfe,gnomad40_exome_AF_remaining,gnomad40_exome_AF_sas,gnomad40_genome_AF,gnomad40_genome_AF_raw,gnomad40_genome_AF_XX,gnomad40_genome_AF_XY,gnomad40_genome_AF_grpmax,gnomad40_genome_faf95,gnomad40_genome_faf99,gnomad40_genome_fafmax_faf95_max,gnomad40_genome_fafmax_faf99_max,gnomad40_genome_AF_afr,gnomad40_genome_AF_ami,gnomad40_genome_AF_amr,gnomad40_genome_AF_asj,gnomad40_genome_AF_eas,gnomad40_genome_AF_fin,gnomad40_genome_AF_mid,gnomad40_genome_AF_nfe,gnomad40_genome_AF_remaining,gnomad40_genome_AF_sas,avsnp147,SIFT_score,SIFT_converted_rankscore,SIFT_pred,Polyphen2_HDIV_score,Polyphen2_HDIV_rankscore,Polyphen2_HDIV_pred,Polyphen2_HVAR_score,Polyphen2_HVAR_rankscore,Polyphen2_HVAR_pred,LRT_score,LRT_converted_rankscore,LRT_pred,MutationTaster_score,MutationTaster_converted_rankscore,MutationTaster_pred,MutationAssessor_score,MutationAssessor_score_rankscore,MutationAssessor_pred,FATHMM_score,FATHMM_converted_rankscore,FATHMM_pred,PROVEAN_score,PROVEAN_converted_rankscore,PROVEAN_pred,VEST3_score,VEST3_rankscore,MetaSVM_score,MetaSVM_rankscore,MetaSVM_pred,MetaLR_score,MetaLR_rankscore,MetaLR_pred,M-CAP_score,M-CAP_rankscore,M-CAP_pred,CADD_raw,CADD_raw_rankscore,CADD_phred,DANN_score,DANN_rankscore,fathmm-MKL_coding_score,fathmm-MKL_coding_rankscore,fathmm-MKL_coding_pred,Eigen_coding_or_noncoding,Eigen-raw,Eigen-PC-raw,GenoCanyon_score,GenoCanyon_score_rankscore,integrated_fitCons_score,integrated_fitCons_score_rankscore,integrated_confidence_value,GERP++_RS,GERP++_RS_rankscore,phyloP100way_vertebrate,phyloP100way_vertebrate_rankscore,phyloP20way_mammalian,phyloP20way_mammalian_rankscore,phastCons100way_vertebrate,phastCons100way_vertebrate_rankscore,phastCons20way_mammalian,phastCons20way_mammalian_rankscore,SiPhy_29way_logOdds,SiPhy_29way_logOdds_rankscore,Interpro_domain,GTEx_V6_gene,GTEx_V6_tissue,dbscSNV_ADA_SCORE,dbscSNV_RF_SCORE,MCAP,CLNALLELEID,CLNDN,CLNDISDB,CLNREVSTAT,CLNSIG
chr10,2501851,2501851,T,0,upstream,LINC02645,dist=389,missing_value,.,.,#N/A,het,FALSE,chr10:2501851:T:0,De Novo,FALSE,FALSE,#N/A,10p15.3,.,0,0,0,0,0,0,0,0,0,0,0,0,0,0,0,0,0,0,0,0,0,0,0,0,0,0,0,0,0,0,0,0,0,0,0,0,0,0,0,0,0,0,0,0,0,.,.,.,.,.,.,.,.,.,.,.,.,.,.,.,.,.,.,.,.,.,.,.,.,.,.,.,.,.,.,.,.,.,.,.,.,.,.,.,.,.,.,.,.,.,.,.,.,.,.,.,.,.,.,.,.,.,.,.,.,.,.,.,.,.,.,.,.,.,.,.,.,.,.,.
chr20,1839823,1839823,G,A,intergenic,LOC100289473;SIRPA,dist=60077;dist=54344,missing_value,.,.,#N/A,het,FALSE,chr20:1839823:G:A,De Novo,FALSE,FALSE,#N/A,20p13,.,0,0,0,0,0,0,0,0,0,0,0,0,0,0,0,0,0,0,0,0,0,0,0,0,0,0,0.0004,0.0005,0.0004,0.0004,0.0005,0.0003,0.0003,0.0004,0.0004,0.0002,0,0.0004,0.0015,0,0,0,0.0005,0.0005,0.0002,rs141385227,.,.,.,.,.,.,.,.,.,.,.,.,.,.,.,.,.,.,.,.,.,.,.,.,.,.,.,.,.,.,.,.,.,.,.,.,.,.,.,.,.,.,.,.,.,.,.,.,.,.,.,.,.,.,.,.,.,.,.,.,.,.,.,.,.,.,.,.,.,.,.,.,.,.
chr22,37740983,37740983,C,T,exonic,TRIOBP,.,nonsynonymous SNV,TRIOBP:NM_001039141:exon11:c.C5273T:p.T1758M,0.122,"Deafness, autosomal recessive 28, 609823 (3), Autosomal recessive",het,FALSE,chr22:37740983:C:T,De Novo,FALSE,FALSE,Severe sensorineural hearing impairment | Autosomal recessive inheritance | Infantile onset,22q13.1,.,0,0,0,0,0,0,0,0,0.00001136,0.00001163,0.000009818,0.00001295,0.00008769,0.00000673,0.00000544,0.00004036,0.00002835,0,0,0,0,0,0,0.000007382,0.00001714,0.00008769,0,0,0,0,0,0,0,0,0,0,0,0,0,0,0,0,0,0,0,.,0.001,0.784,D,0.999,0.764,D,0.828,0.577,P,.,.,.,0.988,0.244,N,1.845,0.488,L,1.8,0.253,T,-1.9,0.443,N,0.446,0.500,-1.085,0.064,T,0.080,0.317,T,0.036,0.568,D,6.864,0.929,33,0.999,0.967,0.631,0.317,D,c,0.454,0.488,1.000,0.747,0.677,0.550,0,5.1,0.688,2.381,0.437,0.935,0.490,1.000,0.715,1.000,0.888,14.004,0.638,.,.,.,.,.,0.0358681826491,.,.,.,.,.
chr5,160412524,160412524,A,T,splicing,SLU7,NM_001364521:exon7:c.571-5T>A;NM_001364523:exon7:c.601-5T>A;NM_006425:exon6:c.571-5T>A;NM_001364520:exon7:c.571-5T>A;NM_001364518:exon6:c.571-5T>A;NM_001364522:exon6:c.601-5T>A;NM_001364517:exon6:c.616-5T>A,missing_value,.,.,0,het,FALSE,chr5:160412524:A:T,De Novo,TRUE,FALSE,#N/A,5q33.3,.,0,0,0,0,0,0,0,0,0.0000272,0.0002,0.00003001,0.00002446,0.0002,0.0000178,0.0000152,0.000054,0.00002866,0.00007864,0.00005448,0,0.0002,0,0,0.00002501,0.0000306,0,0,0,0,0,0,0,0,0,0,0,0,0,0,0,0,0,0,0,0,.,.,.,.,.,.,.,.,.,.,.,.,.,.,.,.,.,.,.,.,.,.,.,.,.,.,.,.,.,.,.,.,.,.,.,.,.,.,.,.,.,.,.,.,.,.,.,.,.,.,.,.,.,.,.,.,.,.,.,.,.,.,.,.,.,.,.,0.0001,0.024,.,.,.,.,.,.
chr15,41570340,41570340,-,TGGACAGCTTGGGCATCAGCGATGAACTAAA,exonic,TYRO3,.,frameshift insertion,"TYRO3:NM_001330264:exon11:c.1348_1349insTGGACAGCTTGGGCATCAGCGATGAACTAAA:p.K460Nfs*9,TYRO3:NM_006293:exon11:c.1483_1484insTGGACAGCTTGGGCATCAGCGATGAACTAAA:p.K505Nfs*9",.,0,het,FALSE,chr15:41570340:-:TGGACAGCTTGGGCATCAGCGATGAACTAAA,De Novo,TRUE,FALSE,#N/A,15q15.1,.,0.0012,0.0003,0.0003,0.0001,0.0006,0.0016,0,0.0018,0.0004,0.0005,0.0003,0.0004,0.0004,0.0004,0.0003,0.0004,0.0004,0.0001,0.0002,0.0002,0.00007557,0.0004,0.0002,0.0004,0.0003,0.00008117,0.0000462,0.0008,0.00003876,0.00005397,0.000074,0.00002118,0.00001532,0.00002861,0.00001869,0.00002413,0,0.00006568,0,0,0,0,0.000074,0,0,rs773167332,.,.,.,.,.,.,.,.,.,.,.,.,.,.,.,.,.,.,.,.,.,.,.,.,.,.,.,.,.,.,.,.,.,.,.,.,.,.,.,.,.,.,.,.,.,.,.,.,.,.,.,.,.,.,.,.,.,.,.,.,.,.,.,.,.,.,.,.,.,.,.,.,.,.
chr16,30526722,30526724,GCT,-,upstream,ZNF768,dist=156,missing_value,.,.,0,het,FALSE,chr16:30526722:GCT:-,De Novo,FALSE,FALSE,#N/A,16p11.2,.,0,0,0,0,0,0,0,0,0.0016,0.0046,0.0017,0.0016,0.0017,0.0016,0.0015,0.0016,0.0015,0.0009,0,0.002,0,0.0017,0.0008,0.0017,0.0019,0.0013,0.00001986,0.00006565,0.00002587,0.00001356,0.00002415,0.00000528,0.00000246,0,0,0.00002415,0,0,0,0,0,0,0.00001481,0.0005,0,.,.,.,.,.,.,.,.,.,.,.,.,.,.,.,.,.,.,.,.,.,.,.,.,.,.,.,.,.,.,.,.,.,.,.,.,.,.,.,.,.,.,.,.,.,.,.,.,.,.,.,.,.,.,.,.,.,.,.,.,.,.,.,.,.,.,.,.,.,.,.,.,.,.,.
chr16,30526728,30526728,G,-,upstream,ZNF768,dist=162,missing_value,.,.,0,het,FALSE,chr16:30526728:G:-,De Novo,FALSE,FALSE,#N/A,16p11.2,.,0,0,0,0,0,0,0,0,0.0006,0.0018,0.0005,0.0006,0.0006,0.0005,0.0005,0.0005,0.0005,0.0002,0,0.0007,0.0003,0.0019,0,0.0006,0.0007,0.0004,0.00002651,0.00005253,0.00002591,0.00002714,0.00006573,0.0000082,0.00000518,0,0,0.00002417,0,0.00006573,0,0,0,0,0.00001484,0.0005,0,.,.,.,.,.,.,.,.,.,.,.,.,.,.,.,.,.,.,.,.,.,.,.,.,.,.,.,.,.,.,.,.,.,.,.,.,.,.,.,.,.,.,.,.,.,.,.,.,.,.,.,.,.,.,.,.,.,.,.,.,.,.,.,.,.,.,.,.,.,.,.,.,.,.,.
chr17,32007505,32007506,AG,-,UTR5,LRRC37B,NM_001321350:c.-13888_-13887del-,missing_value,.,.,0,het,FALSE,chr17:32007505:AG:-,De Novo,FALSE,FALSE,#N/A,17q11.2,.,0,0,0,0,0,0,0,0,0,0,0,0,0,0,0,0,0,0,0,0,0,0,0,0,0,0,0.00008555,0.0006,0.00007725,0.00009423,0.0004,0.00004964,0.00003968,0.00007338,0.00003047,0.00004816,0,0.0001,0.0003,0.0004,0.0003,0,0.00001472,0,0.0004,.,.,.,.,.,.,.,.,.,.,.,.,.,.,.,.,.,.,.,.,.,.,.,.,.,.,.,.,.,.,.,.,.,.,.,.,.,.,.,.,.,.,.,.,.,.,.,.,.,.,.,.,.,.,.,.,.,.,.,.,.,.,.,.,.,.,.,.,.,.,.,.,.,.,.
chr18,62072729,62072729,-,AAA,splicing,PIGN,NM_012327:exon29:c.2620-4->TTT;NM_176787:exon30:c.2620-4->TTT,missing_value,.,.,"Multiple congenital anomalies-hypotonia-seizures syndrome 1, 614080 (3), Autosomal recessive",het,FALSE,chr18:62072729:-:AAA,De Novo,TRUE,FALSE,"Tapered finger | Brachydactyly | Urinary bladder wall hypertrophy | Increased nuchal translucency | Short distal phalanx of finger | Short distal phalanx of finger | Microtia | Generalized hypotonia | Cerebellar atrophy | Cerebellar atrophy | Agenesis of corpus callosum | Seizure | Seizure | Seizure | Hypotonia | Intellectual disability | Intellectual disability | Hyporeflexia | Hyporeflexia | Choreoathetosis | Global developmental delay | Global developmental delay | Spasticity | Intestinal malrotation | Hyperpigmented/hypopigmented macules | Unilateral renal dysplasia | Congenital megaureter | Variable expressivity | Vesicoureteral reflux | Vesicoureteral reflux | Ureteral duplication | Hydroureter | Hypospadias | Hyperreflexia | Hyperreflexia | Hydrocele testis | Hydrocele testis | Cryptorchidism | Feeding difficulties in infancy | Proportionate shortening of all digits | Absent speech | Autosomal recessive inheritance | Multicystic kidney dysplasia | Tremor | Tremor | Dandy-Walker malformation | Aortic root aneurysm | Ureteral hypoplasia | Bladder trabeculation | Open mouth | Median cleft upper lip | Narrow mouth | Cleft palate | Cleft palate | Wide mouth | Wide mouth | Proximal muscle weakness in lower limbs | Elevated circulating alpha-fetoprotein concentration | Hydronephrosis | Hydronephrosis | Hydronephrosis | Renal dysplasia | Anal stenosis | Anal stenosis | Anal atresia | Anal atresia | Anal atresia | Deep longitudinal plantar crease | Gastroesophageal reflux | Gastroesophageal reflux | Gastroesophageal reflux | Dysphagia | Frontal bossing | Generalized muscle weakness | Pulmonary hypoplasia | Pulmonary hypoplasia | Pulmonary arterial hypertension | Hypoplasia of the corpus callosum | Cerebral atrophy | Cerebral cortical atrophy | Ventriculomegaly | Ventriculomegaly | Recurrent aspiration pneumonia | Abnormal renal collecting system morphology | Vertical nystagmus | Large fleshy ears | Large fleshy ears | Congenital onset | Aganglionic megacolon | Duodenal atresia | Fair hair | Rectovestibular fistula | Tented upper lip vermilion | Tented upper lip vermilion | Small hand | Peripheral pulmonary artery stenosis | Athetosis | Clinodactyly of the 5th finger | Severe muscular hypotonia | Nystagmus | Nystagmus | Amblyopia | Amblyopia | Severe global developmental delay | Severe global developmental delay | Asymmetric crying face | Synophrys | Ectopic anus | Narrow chest | Narrow chest | Congenital diaphragmatic hernia | Congenital diaphragmatic hernia | Short nose | Short nose | Macrocephaly at birth | Non-midline cleft of the upper lip | Bicornuate uterus | Prominent palatine ridges | Thin lower lip vermilion | Flexion contracture of toe | Abnormal posterior cranial fossa morphology | Epicanthus | Epicanthus | Coarse facial features | Coarse facial features | Coarse facial features | Full cheeks | Macrocephaly | Prominent occiput | Thin upper lip vermilion | High palate | High palate | High palate | Gingival overgrowth | Polyhydramnios | Polyhydramnios | Thin vermilion border | Abnormal ilium morphology | Omphalocele | Large for gestational age | Cupped ear | Overfolded helix | Overfolded helix | Hoarse cry | Posteriorly rotated ears | Low-set ears | Low-set, posteriorly rotated ears | Narrow forehead | Abnormal cardiac septum morphology | Long philtrum | Long philtrum | Broad forehead | Right ventricular hypertrophy | Small forehead | Abnormal aortic morphology | Micrognathia | Micrognathia | Abnormal aortic arch morphology | Smooth philtrum | Hypertelorism | Hypertelorism | Hypertelorism | Patent ductus arteriosus | Patent ductus arteriosus | Patent foramen ovale | Partial absence of cerebellar vermis | Microretrognathia | Tetralogy of Fallot | Atrial septal defect | Atrial septal defect | Corneal opacity | Wide intermamillary distance | Blepharitis | Depressed nasal bridge | Strabismus | Anteverted nares | Anteverted nares | Anteverted nares | Delayed myelination | Thickened nuchal skin fold | Short neck | Short neck | Short foot | Wide nasal bridge | Pes cavus | Aplasia/Hypoplasia of the nipples | Prominent tragus | Hypoplastic fingernail | Hypoplastic fingernail | Prominent superior crus of antihelix | Upslanted palpebral fissure | Microphthalmia | Esotropia | Deep plantar creases",18q21.33,.,0.0014,0.0005,0.0007,0.0003,0.0013,0.0018,0,0.0017,0.0032,0.0048,0.0034,0.003,0.0035,0.0032,0.0031,0.0034,0.0033,0.0012,0.0032,0.0038,0.0011,0.0014,0.0046,0.0035,0.0031,0.003,0.0006,0.0007,0.0006,0.0006,0.0013,0.0005,0.0005,0.0006,0.0005,0.0008,0,0.0006,0.0024,0,0.0004,0,0.0004,0.001,0.0013,rs112622481,.,.,.,.,.,.,.,.,.,.,.,.,.,.,.,.,.,.,.,.,.,.,.,.,.,.,.,.,.,.,.,.,.,.,.,.,.,.,.,.,.,.,.,.,.,.,.,.,.,.,.,.,.,.,.,.,.,.,.,.,.,.,.,.,.,.,.,.,.,.,.,.,.,.
chr19,56087997,56087999,CCC,-,UTR3,ZNF787,NM_001002836:c.*26_*24delGGG,missing_value,.,.,#N/A,het,FALSE,chr19:56087997:CCC:-,De Novo,FALSE,FALSE,#N/A,19q13.43,.,0,0,0,0,0,0,0,0,0.0007,0.0033,0.0007,0.0007,0.0021,0.0007,0.0007,0.0016,0.0014,0.0021,0.001,0.0006,0.0005,0.0006,0,0.0007,0.0007,0.0003,0.00003154,0.00008447,0.00003021,0.00003299,0.00009149,0.00000523,0.00000196,0.00001613,0.00000666,0.00009149,0,0,0,0,0,0,0,0,0,.,.,.,.,.,.,.,.,.,.,.,.,.,.,.,.,.,.,.,.,.,.,.,.,.,.,.,.,.,.,.,.,.,.,.,.,.,.,.,.,.,.,.,.,.,.,.,.,.,.,.,.,.,.,.,.,.,.,.,.,.,.,.,.,.,.,.,.,.,.,.,.,.,.,.
chr6,910702,910710,TCAGAGCCC,0,intergenic,LOC101927691;LINC01622,dist=34089;dist=50293,missing_value,.,.,#N/A,het,FALSE,chr6:910702:TCAGAGCCC:0,De Novo,FALSE,FALSE,#N/A,6p25.3,.,0,0,0,0,0,0,0,0,0,0,0,0,0,0,0,0,0,0,0,0,0,0,0,0,0,0,0,0,0,0,0,0,0,0,0,0,0,0,0,0,0,0,0,0,0,.,.,.,.,.,.,.,.,.,.,.,.,.,.,.,.,.,.,.,.,.,.,.,.,.,.,.,.,.,.,.,.,.,.,.,.,.,.,.,.,.,.,.,.,.,.,.,.,.,.,.,.,.,.,.,.,.,.,.,.,.,.,.,.,.,.,.,.,.,.,.,.,.,.,.
chr6,910712,910781,TCACATCATCTCATGGGCCCCTTCTCCCTCAGAGCCCCTGACATCATGTCATCAACGGTCTTCTCACTCA,0,intergenic,LOC101927691;LINC01622,dist=34099;dist=50222,missing_value,.,.,#N/A,het,FALSE,chr6:910712:TCACATCATCTCATGGGCCCCTTCTCCCTCAGAGCCCCTGACATCATGTCATCAACGGTCTTCTCACTCA:0,De Novo,FALSE,FALSE,#N/A,6p25.3,.,0,0,0,0,0,0,0,0,0,0,0,0,0,0,0,0,0,0,0,0,0,0,0,0,0,0,0,0,0,0,0,0,0,0,0,0,0,0,0,0,0,0,0,0,0,.,.,.,.,.,.,.,.,.,.,.,.,.,.,.,.,.,.,.,.,.,.,.,.,.,.,.,.,.,.,.,.,.,.,.,.,.,.,.,.,.,.,.,.,.,.,.,.,.,.,.,.,.,.,.,.,.,.,.,.,.,.,.,.,.,.,.,.,.,.,.,.,.,.,.
chr8,41943923,41943938,CAGATAACGGTTTCTC,-,exonic,KAT6A,.,frameshift deletion,"KAT6A:NM_001305878:exon13:c.2038_2053del:p.E680Ifs*14,KAT6A:NM_006766:exon13:c.2038_2053del:p.E680Ifs*14",.,"Arboleda-Tham syndrome, 616268 (3), Autosomal dominant",het,FALSE,chr8:41943923:CAGATAACGGTTTCTC:-,De Novo,TRUE,FALSE,"Brachydactyly | Brachydactyly | Poor speech | Prominent antitragus | Intellectual disability, severe | Lower limb amyotrophy | Generalized hypotonia | Long thorax | Seizure | Seizure | Hypotonia | Intellectual disability | Global developmental delay | Global developmental delay | Low-set nipples | Intestinal malrotation | Intestinal malrotation | Bilateral cryptorchidism | Highly arched eyebrow | Delayed ability to sit | Sparse medial eyebrow | Craniosynostosis | Craniosynostosis | Plagiocephaly | Plagiocephaly | Cryptorchidism | Enlarged proximal interphalangeal joints | Dystonia | Dystonia | Recurrent urinary tract infections | Absent speech | Autosomal dominant inheritance | Neonatal hypotonia | Neonatal hypotonia | Neonatal respiratory distress | Neonatal respiratory distress | Narrow mouth | Cleft palate | Cleft palate | Wide mouth | Freckling | Peg-shaped maxillary lateral incisors | Lacrimal duct stenosis | Lacrimal duct stenosis | Axial hypotonia | Bronchomalacia | Hydronephrosis | Hydronephrosis | Downturned corners of mouth | Downturned corners of mouth | Gastroesophageal reflux | Gastroesophageal reflux | Dysphagia | Frontal bossing | Midface retrusion | Respiratory distress | Lower limb asymmetry | Gait imbalance | Recurrent aspiration pneumonia | 3-4 finger cutaneous syndactyly | Congenital onset | Cerebral visual impairment | Cerebral visual impairment | Muscle stiffness | Recurrent respiratory infections | Insomnia | Feeding difficulties | Feeding difficulties | Esodeviation | Sleep abnormality | Low hanging columella | Lower limb hypertonia | Amblyopia | Optic atrophy | Optic atrophy | Deviation of the hallux | Abnormal facial shape | Short stature | Delayed ability to walk | Pectus excavatum | Upper eyelid edema | Motor stereotypy | Autistic behavior | Primary microcephaly | Short hallux | Narrow chest | Upper limb amyotrophy | Inverted nipples | Preauricular pit | Anteverted ears | Thin eyebrow | Epicanthus | Epicanthus | Long face | Microcephaly | Microcephaly | Thin upper lip vermilion | Thin upper lip vermilion | Prominent umbilicus | Genu valgum | Protuberant abdomen | Intrauterine growth retardation | Growth delay | Growth delay | Small earlobe | Prominent antihelix | Chronic otitis media | Laryngomalacia | Posteriorly rotated ears | Low-set ears | Low-set, posteriorly rotated ears | Narrow forehead | Narrow forehead | Secundum atrial septal defect | Patent ductus arteriosus | Patent ductus arteriosus | Pulmonic stenosis | Short philtrum | Triangular face | Facial asymmetry | Ventricular septal defect | Ventricular septal defect | Genu varum | Microretrognathia | Microretrognathia | Pointed chin | Atrial septal defect | Atrial septal defect | Mandibular prognathia | Wide intermamillary distance | Recurrent otitis media | Astigmatism | Strabismus | Strabismus | Deeply set eye | Broad nasal tip | Broad nasal tip | Bifid nasal tip | Webbed neck | Pes planus | Hammertoe | Prominent nasal bridge | Prominent nasal bridge | Underdeveloped tragus | Sandal gap | Proptosis | Conjunctivitis | Ptosis | Ptosis | Esotropia | Myopia",8p11.21,.,0,0,0,0,0,0,0,0,0,0,0,0,0,0,0,0,0,0,0,0,0,0,0,0,0,0,0,0,0,0,0,0,0,0,0,0,0,0,0,0,0,0,0,0,0,.,.,.,.,.,.,.,.,.,.,.,.,.,.,.,.,.,.,.,.,.,.,.,.,.,.,.,.,.,.,.,.,.,.,.,.,.,.,.,.,.,.,.,.,.,.,.,.,.,.,.,.,.,.,.,.,.,.,.,.,.,.,.,.,.,.,.,.,.,.,.,.,.,.,.
chrX,148501076,148501078,CCG,-,UTR5,AFF2,NM_001169122:c.-22_-20del-;NM_001169123:c.-22_-20del-;NM_002025:c.-22_-20del-;NM_001169125:c.-22_-20del-;NM_001169124:c.-22_-20del-,missing_value,.,.,"Intellectual developmental disorder, X-linked 109, 309548 (3), X-linked recessive",het,FALSE,chrX:148501076:CCG:-,De Novo,FALSE,FALSE,Fetal distress | Prominent ear helix | Intellectual disability | Intellectual disability | Specific learning disability | Stereotypical body rocking | Stereotypical body rocking | X-linked recessive inheritance | Impulsivity | Impulsivity | Poor coordination | Clumsiness | Clinodactyly of the 5th finger | Long upper lip | Short stature | Short stature | Hyperactivity | Hyperactivity | Recurrent hand flapping | Recurrent hand flapping | Delayed speech and language development | Delayed speech and language development | Aggressive behavior | Aggressive behavior | Agitation | Agitation | Autistic behavior | Compulsive behaviors | Compulsive behaviors | Epicanthus | Epicanthus | Macrocephaly | Microcephaly | Intrauterine growth retardation | Intrauterine growth retardation | Hoarse voice | Hoarse voice | Thick vermilion border | Thick vermilion border | Prominent nasal bridge | Prominent nasal bridge,Xq28,.,0.0031,0.0021,0.0031,0.0022,0.0007,0.0034,0.0071,0.0035,0.00008024,0.0085,0.0001,0.000002892,0.0002,0.00006636,0.00006113,0.0001,0.0000706,0.0002,0.0001,0.0001,0.0001,0.0007,0,0.00004527,0.00006788,0.00007905,0,0.00007473,0,0,0,0,0,0,0,0,0,0,0,0,0,0,0,0,0,.,.,.,.,.,.,.,.,.,.,.,.,.,.,.,.,.,.,.,.,.,.,.,.,.,.,.,.,.,.,.,.,.,.,.,.,.,.,.,.,.,.,.,.,.,.,.,.,.,.,.,.,.,.,.,.,.,.,.,.,.,.,.,.,.,.,.,.,.,.,.,.,.,.,.